date,rf,mktrf,smb,hml,mom
31/01/1927,0.0025,-0.0006,-0.0037,0.0454,0.0036
28/02/1927,0.0026,0.0418,0.0004,0.0294,-0.0214
31/03/1927,0.003,0.0013,-0.0165,-0.0261,0.0361
30/04/1927,0.0025,0.0046,0.003,0.0081,0.043
31/05/1927,0.003,0.0544,0.0153,0.0473,0.03
30/06/1927,0.0026,-0.0234,0.0059,-0.0173,0.006
30/07/1927,0.003,0.0726,-0.0325,-0.0114,0.0431
31/08/1927,0.0028,0.0197,-0.0069,-0.0374,0.0136
30/09/1927,0.0021,0.0476,-0.0363,-0.0063,0.0198
31/10/1927,0.0025,-0.0431,0.0212,-0.0433,-0.0087
30/11/1927,0.0021,0.0658,0.0272,-0.0027,-0.0051
31/12/1927,0.0022,0.0209,0.0097,-0.0113,0.0321
31/01/1928,0.0025,-0.0068,0.0426,-0.0075,-0.0052
29/02/1928,0.0033,-0.017,-0.0206,-0.0065,-0.0109
31/03/1928,0.0029,0.0881,-0.0026,-0.0122,0.047
30/04/1928,0.0022,0.0423,0.0398,0.0344,-0.0441
31/05/1928,0.0032,0.0152,0.0285,-0.0327,0.0302
30/06/1928,0.0031,-0.0485,-0.0352,-0.0003,0.0204
31/07/1928,0.0032,0.0062,-0.0132,-0.005,0.0265
31/08/1928,0.0032,0.0668,-0.0206,-0.0215,0.0354
29/09/1928,0.0027,0.0288,0.0241,0.0086,0.0345
31/10/1928,0.0041,0.0133,0.0222,-0.0216,0.051
30/11/1928,0.0038,0.1181,-0.0178,0.027,0.0209
31/12/1928,0.0006,0.0036,-0.0086,-0.0065,0.0154
31/01/1929,0.0034,0.0466,-0.0356,-0.0124,0.0245
28/02/1929,0.0036,-0.0034,-0.0038,0.0166,0.0305
28/03/1929,0.0034,-0.0089,-0.0471,0.0158,-0.0064
30/04/1929,0.0036,0.0143,-0.0097,0.0059,0.0191
31/05/1929,0.0044,-0.0639,-0.0537,-0.0142,-0.0204
29/06/1929,0.0052,0.097,-0.0217,-0.0279,0.086
31/07/1929,0.0033,0.0446,-0.0388,0.0271,0.0296
30/08/1929,0.004,0.0818,-0.0959,0.0013,0.047
30/09/1929,0.0035,-0.0547,0.0119,-0.0065,0.0297
31/10/1929,0.0046,-0.2012,-0.0401,0.0778,0.041
27/11/1929,0.0037,-0.1274,-0.0172,0.0505,-0.0239
31/12/1929,0.0037,0.0133,-0.045,-0.0054,0.0519
31/01/1930,0.0014,0.0561,0.0355,-0.0096,-0.0516
28/02/1930,0.003,0.025,0.0019,0.002,0.0062
31/03/1930,0.0035,0.071,0.0341,0.0033,-0.0442
30/04/1930,0.0021,-0.0206,-0.0035,-0.0035,0.0398
29/05/1930,0.0026,-0.0166,-0.0201,-0.0073,0.0005
30/06/1930,0.0027,-0.1627,-0.0338,0.0233,0.0664
31/07/1930,0.002,0.0412,-0.0028,-0.0175,-0.0219
29/08/1930,0.0009,0.003,-0.021,-0.0061,0.0395
30/09/1930,0.0022,-0.1275,-0.0221,-0.0496,0.1148
31/10/1930,0.0009,-0.0878,-0.0012,-0.0138,0.0686
29/11/1930,0.0013,-0.0304,0.0223,-0.0366,-0.0146
31/12/1930,0.0014,-0.0783,-0.046,-0.0525,0.1332
31/01/1931,0.0015,0.0624,0.0345,0.0712,-0.1107
28/02/1931,0.0004,0.1088,0.0359,0.0192,-0.1447
31/03/1931,0.0013,-0.0643,0.0298,-0.0344,0.0946
30/04/1931,0.0008,-0.0998,-0.0445,-0.0382,0.114
29/05/1931,0.0009,-0.1324,0.0535,-0.0657,0.0926
30/06/1931,0.0008,0.139,-0.0532,0.1129,-0.1788
31/07/1931,0.0006,-0.0662,0.0142,-0.0211,0.0819
31/08/1931,0.0003,0.0041,-0.0195,-0.0147,-0.035
30/09/1931,0.0003,-0.2913,0.0054,-0.0677,0.1015
31/10/1931,0.001,0.0804,-0.0187,0.017,0.0327
30/11/1931,0.0017,-0.0908,0.0431,-0.0504,0.0754
31/12/1931,0.0012,-0.1353,-0.0055,-0.0885,0.1416
30/01/1932,0.0023,-0.0158,0.0393,0.0903,-0.1087
29/02/1932,0.0023,0.0546,-0.0278,-0.0146,0.0159
31/03/1932,0.0016,-0.1121,0.0227,-0.0232,0.0992
30/04/1932,0.0011,-0.1796,0.0145,0.0143,0.0697
31/05/1932,0.0006,-0.2051,0.0391,-0.0298,0.1228
30/06/1932,0.0002,-0.007,0.0033,0.053,0.0188
30/07/1932,0.0003,0.3384,-0.0459,0.3561,-0.4502
31/08/1932,0.0003,0.3706,0.1341,0.3424,-0.5205
30/09/1932,0.0003,-0.0294,-0.0208,-0.0736,0.0236
31/10/1932,0.0002,-0.1317,-0.0256,-0.1033,0.0495
30/11/1932,0.0002,-0.0588,0.02,-0.1311,-0.0183
31/12/1932,0.0001,0.044,-0.0864,-0.0772,0.0548
31/01/1933,0.0001,0.0125,0.0063,0.0636,-0.016
28/02/1933,-0.0003,-0.1524,-0.0258,-0.0295,0.0426
31/03/1933,0.0004,0.0329,0.0379,0.0754,0.0259
29/04/1933,0.001,0.3885,0.0307,0.1965,-0.1651
31/05/1933,0.0004,0.2143,0.3656,0.1919,-0.0431
30/06/1933,0.0002,0.1311,0.0842,-0.0178,0.04
31/07/1933,0.0002,-0.0963,-0.0105,0.0327,0.001
31/08/1933,0.0003,0.1205,-0.0539,0.03,0.0759
30/09/1933,0.0002,-0.1065,-0.004,-0.1174,0.0158
31/10/1933,0.0001,-0.0836,-0.002,-0.0857,-0.0221
29/11/1933,0.0002,0.0997,-0.0647,0.0232,0.061
30/12/1933,0.0002,0.0183,0.0063,-0.0156,0.0418
31/01/1934,0.0005,0.126,0.1269,0.1559,-0.0297
28/02/1934,0.0002,-0.025,0.051,0.02,-0.0029
31/03/1934,0.0002,0.0009,0.0251,-0.027,-0.0067
30/04/1934,0.0001,-0.0179,0.0273,-0.0373,-0.0471
31/05/1934,0.0001,-0.0725,-0.0029,-0.0589,-0.0256
30/06/1934,0.0001,0.0264,-0.0223,-0.0296,-0.0096
31/07/1934,0.0001,-0.1096,-0.0695,-0.107,0.0871
31/08/1934,0.0001,0.0558,0.0537,0.0009,0.0248
29/09/1934,0.0001,-0.0023,-0.0152,-0.012,0.0006
31/10/1934,0.0001,-0.0166,0.0124,-0.0508,0.069
30/11/1934,0.0001,0.0833,0.0648,-0.0215,0.0383
31/12/1934,0.0001,0.0036,0.0306,-0.0314,0.0473
31/01/1935,0.0001,-0.0345,0.0107,-0.019,0.0372
28/02/1935,0.0002,-0.0194,0.0037,-0.0744,0.1392
30/03/1935,0.0001,-0.0368,-0.0359,-0.0512,0.0249
30/04/1935,0.0001,0.0906,-0.0147,0.0447,-0.0464
31/05/1935,0.0001,0.0347,-0.0334,0.0265,-0.0362
29/06/1935,0.0001,0.0593,-0.0257,-0.0169,0.0235
31/07/1935,0.0001,0.0751,0.0188,0.0693,-0.0406
31/08/1935,0.0001,0.0265,0.062,0.0608,-0.0717
30/09/1935,0.0001,0.0263,0.0153,-0.0407,0.0895
31/10/1935,0.0001,0.0703,0.0272,-0.0237,0.0187
30/11/1935,0.0002,0.0488,0.0454,0.1206,-0.0627
31/12/1935,0.0001,0.0456,0.0017,0.0095,0.0378
31/01/1936,0.0001,0.0689,0.0523,0.1034,-0.0333
29/02/1936,0.0001,0.0249,0.0095,0.0451,0.0245
31/03/1936,0.0002,0.0099,0.0069,-0.0144,0.0182
30/04/1936,0.0002,-0.0814,-0.0606,-0.0215,-0.0765
29/05/1936,0.0002,0.0519,0.0091,0.0261,0.0247
30/06/1936,0.0003,0.024,-0.032,-0.012,0.0038
31/07/1936,0.0001,0.0667,0.01,0.024,0.0285
31/08/1936,0.0002,0.0099,0.006,0.0382,0.0065
30/09/1936,0.0001,0.0098,0.0308,0.009,0.0124
31/10/1936,0.0002,0.0712,-0.0243,0.0247,0.01
30/11/1936,0.0001,0.0327,0.0877,-0.0121,0.0197
31/12/1936,0,0.0021,0.0396,0.043,0.0201
30/01/1937,0.0001,0.0335,0.0434,0.0261,-0.019
27/02/1937,0.0002,0.0109,0.0105,0.0483,0.0317
31/03/1937,0.0001,-0.0027,-0.0169,0.065,0.027
30/04/1937,0.0003,-0.0736,-0.0383,-0.0366,-0.0371
28/05/1937,0.0006,-0.0083,-0.0068,-0.0348,0.0058
30/06/1937,0.0003,-0.0421,-0.0376,-0.0333,0.0074
31/07/1937,0.0003,0.0891,0.0089,0.0081,-0.0055
31/08/1937,0.0002,-0.0486,0.0044,-0.0225,-0.0185
30/09/1937,0.0004,-0.1361,-0.0698,-0.0457,-0.0701
30/10/1937,0.0002,-0.0961,0.0041,-0.0155,-0.016
30/11/1937,0.0002,-0.0831,-0.036,0.0015,-0.0123
31/12/1937,0,-0.0424,-0.0774,-0.004,0.0467
31/01/1938,0,0.0049,0.0484,-0.0161,-0.0161
28/02/1938,0,0.0584,0.004,-0.0202,-0.0291
31/03/1938,-0.0001,-0.2382,-0.0434,-0.0354,0.1555
30/04/1938,0.0001,0.1451,0.0646,0.0023,-0.0849
31/05/1938,0,-0.0383,-0.0251,-0.0027,0.0701
30/06/1938,0,0.2387,0.043,0.0032,-0.2479
30/07/1938,-0.0001,0.0734,0.0664,0.022,-0.0702
31/08/1938,0,-0.0267,-0.0245,-0.0472,0.0364
30/09/1938,0.0002,0.0081,-0.0273,-0.0162,0.0258
31/10/1938,0.0001,0.078,0.0581,0.0503,-0.0777
30/11/1938,-0.0006,-0.0172,-0.0257,-0.0122,0.0307
31/12/1938,0,0.0419,-0.0182,0.0053,0.0218
31/01/1939,-0.0001,-0.0596,-0.0155,-0.0394,-0.0304
28/02/1939,0.0001,0.0351,0.0063,0.0295,0.0327
31/03/1939,-0.0001,-0.1199,-0.0475,-0.0831,-0.0155
29/04/1939,0,-0.0018,0.0167,-0.003,0.0256
31/05/1939,0.0001,0.068,0.028,0.0049,0.0354
30/06/1939,0.0001,-0.0531,-0.0101,-0.0542,0.0205
31/07/1939,0,0.1024,0.0432,-0.0003,-0.0055
31/08/1939,-0.0001,-0.0668,-0.0461,-0.0242,0.0595
30/09/1939,0.0001,0.1688,0.2024,0.2222,-0.3103
31/10/1939,0,-0.0053,-0.0001,-0.0489,0.0656
30/11/1939,0,-0.0362,-0.0507,-0.0646,-0.0029
30/12/1939,0,0.0303,0.0079,-0.0406,0.0538
31/01/1940,0,-0.0241,0.0021,-0.0081,0.0175
29/02/1940,0,0.0144,0.0251,-0.0033,0.0179
30/03/1940,0,0.0205,0.0125,-0.0127,-0.0036
30/04/1940,0,0.0022,0.0392,-0.0013,0.0324
31/05/1940,-0.0002,-0.2195,-0.0666,-0.0369,0.0295
29/06/1940,0,0.0667,-0.0213,0.0462,-0.0214
31/07/1940,0.0001,0.0316,0.0101,-0.0074,0.008
31/08/1940,-0.0001,0.0219,-0.0011,0.0056,-0.0157
30/09/1940,0,0.0239,0.0322,-0.0113,-0.0028
31/10/1940,0,0.0302,0.0028,0.0464,-0.0651
30/11/1940,0,-0.0161,0.0194,0.0012,0.0128
31/12/1940,0,0.0069,-0.0215,-0.0089,0.0348
31/01/1941,-0.0001,-0.0417,0.01,0.0383,-0.0443
28/02/1941,-0.0001,-0.0143,-0.0156,0.0089,0.0097
31/03/1941,0.0001,0.0084,0.001,0.0304,0.0244
30/04/1941,-0.0001,-0.0546,-0.0168,0.0341,0.0301
31/05/1941,0,0.0139,-0.0065,0.006,0.0252
30/06/1941,0,0.0583,0.0132,0.0059,-0.0095
31/07/1941,0.0003,0.0587,0.0571,0.0725,-0.0163
30/08/1941,0.0001,-0.0017,-0.0042,-0.011,0.0012
30/09/1941,0.0001,-0.0087,-0.0099,-0.0028,-0.0165
31/10/1941,0,-0.0525,-0.0202,0.0163,0.0475
29/11/1941,0,-0.0192,-0.0121,-0.0064,0.0405
31/12/1941,0.0001,-0.0487,-0.0299,-0.0594,0.0025
31/01/1942,0.0002,0.0079,0.0753,0.101,-0.0357
28/02/1942,0.0001,-0.0246,0.0172,-0.0113,-0.0075
31/03/1942,0.0001,-0.0658,0.0177,-0.0062,-0.0033
30/04/1942,0.0001,-0.0437,-0.006,0.0209,-0.0071
29/05/1942,0.0003,0.0594,-0.0305,-0.0265,-0.0471
30/06/1942,0.0002,0.0269,-0.0122,0.0054,-0.0132
31/07/1942,0.0003,0.0351,-0.0015,0.024,0.0075
31/08/1942,0.0003,0.018,-0.0009,0.0135,-0.0018
30/09/1942,0.0003,0.0261,0.0063,0.0235,-0.0064
31/10/1942,0.0003,0.0682,0.0175,0.0639,-0.0407
30/11/1942,0.0003,0.0015,-0.015,-0.0421,-0.0088
31/12/1942,0.0003,0.0512,-0.0251,0.0058,0.0326
30/01/1943,0.0003,0.0713,0.088,0.0818,-0.0036
27/02/1943,0.0003,0.0615,0.0475,0.064,-0.0155
31/03/1943,0.0003,0.0601,0.0499,0.0548,0.0485
30/04/1943,0.0003,0.0081,0.0205,0.0582,0.0617
29/05/1943,0.0003,0.0574,0.0435,0.0325,0.0564
30/06/1943,0.0003,0.0182,-0.0102,-0.007,-0.0129
31/07/1943,0.0003,-0.0477,-0.0239,-0.0229,-0.0457
31/08/1943,0.0003,0.013,-0.006,-0.0043,0.0088
30/09/1943,0.0003,0.024,0.0129,0.0143,0.018
30/10/1943,0.0003,-0.0115,0.0058,0.0164,-0.0057
30/11/1943,0.0003,-0.0591,-0.0165,-0.0402,-0.046
31/12/1943,0.0003,0.0636,0.0334,0.0324,0.0603
31/01/1944,0.0003,0.0174,0.0255,0.0216,0.0098
29/02/1944,0.0003,0.0037,-0.001,0.0084,0.0033
31/03/1944,0.0002,0.0246,0.0173,0.0343,0.0251
29/04/1944,0.0003,-0.0169,-0.0137,-0.0114,0.0055
31/05/1944,0.0003,0.0507,0.0168,0.0104,0.0198
30/06/1944,0.0003,0.0549,0.0401,0.0175,-0.0513
31/07/1944,0.0003,-0.0149,0.0058,-0.0042,0.0013
31/08/1944,0.0003,0.0157,0.0233,-0.0149,0.0466
30/09/1944,0.0002,0.0001,0.0049,-0.0116,-0.0106
31/10/1944,0.0003,0.0016,-0.0015,-0.0033,-0.0134
30/11/1944,0.0003,0.0171,0.0036,0.0238,0.0134
30/12/1944,0.0002,0.0403,0.0225,0.0591,0.0336
31/01/1945,0.0003,0.0201,0.0246,0.0067,0.0002
28/02/1945,0.0002,0.0623,0.0155,0.0434,0.031
31/03/1945,0.0002,-0.0389,-0.016,-0.0174,-0.0326
30/04/1945,0.0003,0.078,0.0032,0.0324,0.0482
31/05/1945,0.0003,0.0173,0.0152,0.0036,0.0011
30/06/1945,0.0002,0.0039,0.0312,0.0421,0.0414
31/07/1945,0.0003,-0.0217,-0.0152,-0.0262,-0.027
31/08/1945,0.0003,0.062,0.015,-0.0427,-0.0131
29/09/1945,0.0003,0.0477,0.017,0.0042,0.0125
31/10/1945,0.0003,0.0389,0.0238,0.0213,0.0012
30/11/1945,0.0002,0.0539,0.0431,0.0396,0.0411
31/12/1945,0.0003,0.012,0.021,-0.0228,0.0125
31/01/1946,0.0003,0.0624,0.0391,0.0248,0.0378
28/02/1946,0.0003,-0.0583,-0.0071,-0.0146,-0.0144
30/03/1946,0.0003,0.0587,0.0029,-0.0054,0.0268
30/04/1946,0.0003,0.0423,0.0235,0.0032,0.0298
31/05/1946,0.0003,0.0393,0.0146,0.0128,-0.0046
28/06/1946,0.0003,-0.0389,-0.0158,-0.0039,-0.025
31/07/1946,0.0003,-0.0269,-0.0207,0.0007,-0.0002
30/08/1946,0.0003,-0.0644,-0.0184,0.0055,-0.0004
30/09/1946,0.0003,-0.1017,-0.044,-0.0192,0.0074
31/10/1946,0.0003,-0.0144,0.001,0.0346,0.0103
30/11/1946,0.0003,-0.0001,-0.0044,0.0147,0.0019
31/12/1946,0.0003,0.0496,0.0008,-0.0136,-0.0008
31/01/1947,0.0003,0.0125,0.022,-0.0073,-0.0636
28/02/1947,0.0003,-0.0108,0.0068,0.0015,-0.0052
31/03/1947,0.0003,-0.0167,-0.0162,0.0061,0.0413
30/04/1947,0.0003,-0.048,-0.0396,0.0085,0.0499
29/05/1947,0.0003,-0.0097,-0.0326,0.0033,0.0334
30/06/1947,0.0003,0.0529,-0.003,-0.0059,-0.0167
31/07/1947,0.0003,0.0414,0.0143,0.0282,-0.0343
29/08/1947,0.0003,-0.0174,0.0032,0.0018,0.0333
30/09/1947,0.0006,-0.0054,0.0164,0.0136,0.0001
31/10/1947,0.0006,0.0247,0.0051,0.0007,0.0157
29/11/1947,0.0006,-0.0197,-0.0171,0.011,0.0427
31/12/1947,0.0008,0.03,-0.0246,0.0371,0.0362
31/01/1948,0.0007,-0.0393,0.025,0.0139,-0.043
28/02/1948,0.0007,-0.0438,-0.0172,0.0007,0.0144
31/03/1948,0.0009,0.0807,0.0014,0.045,-0.0031
30/04/1948,0.0008,0.0365,-0.0165,0.0411,0.0409
28/05/1948,0.0008,0.073,0.0091,-0.0127,0.023
30/06/1948,0.0009,-0.001,-0.0182,0.0281,0.0408
30/07/1948,0.0008,-0.0509,-0.0033,0.0014,-0.0161
31/08/1948,0.0009,0.0025,-0.0111,0.0028,0.0023
30/09/1948,0.0004,-0.0297,-0.0123,-0.0171,-0.0131
30/10/1948,0.0004,0.0596,-0.015,0.0058,0.028
30/11/1948,0.0004,-0.093,-0.006,-0.0413,0.0054
31/12/1948,0.0004,0.0326,-0.0282,-0.0194,0.0463
31/01/1949,0.001,0.0023,0.0177,0.0123,-0.029
28/02/1949,0.0009,-0.0293,-0.019,-0.0086,-0.0041
31/03/1949,0.001,0.0404,0.025,0.0129,-0.0094
30/04/1949,0.0009,-0.0187,-0.0089,-0.0113,0.031
31/05/1949,0.001,-0.0294,-0.0079,-0.0237,0.0298
30/06/1949,0.001,0.001,-0.0091,-0.0165,-0.0106
29/07/1949,0.0009,0.0554,0.0055,0.0037,-0.0149
31/08/1949,0.0009,0.026,0.002,-0.0055,0.0172
30/09/1949,0.0009,0.0309,0.01,0.0019,-0.0141
31/10/1949,0.0009,0.0314,0.0104,-0.0048,0.0006
30/11/1949,0.0008,0.0182,-0.0102,-0.0096,0.0122
31/12/1949,0.0009,0.0513,0.0206,0.0177,-0.0078
31/01/1950,0.0009,0.017,0.0333,0.0012,-0.0234
28/02/1950,0.0009,0.0148,0.0003,-0.0079,0.0139
31/03/1950,0.001,0.0126,-0.0144,-0.0281,0.0147
29/04/1950,0.0009,0.0394,0.0194,0.013,0.0041
31/05/1950,0.001,0.0431,-0.021,0.0046,0.0037
30/06/1950,0.001,-0.0594,-0.0234,-0.007,-0.0158
31/07/1950,0.001,0.0136,0.0069,0.1356,-0.0047
31/08/1950,0.001,0.0485,0.0076,-0.015,0.0319
29/09/1950,0.001,0.0481,0.0049,-0.0107,-0.0017
31/10/1950,0.0012,-0.0018,-0.0047,0.013,0.0153
30/11/1950,0.0011,0.0276,-0.0089,0.0333,0.0363
30/12/1950,0.0011,0.0554,0.0147,0.0736,0.0499
31/01/1951,0.0013,0.057,0.0176,0.0364,0.02
28/02/1951,0.001,0.0141,0.0008,-0.0285,-0.0155
31/03/1951,0.0011,-0.0215,-0.0077,-0.041,-0.0297
30/04/1951,0.0013,0.0486,-0.0145,0.0327,0.0601
31/05/1951,0.0012,-0.0234,0,-0.0137,-0.0093
29/06/1951,0.0012,-0.0262,-0.0206,-0.0375,-0.0238
31/07/1951,0.0013,0.0694,-0.0199,0.0206,0.0727
31/08/1951,0.0013,0.0427,0.0099,-0.0013,0.01
28/09/1951,0.0012,0.007,0.0187,0.0063,0.0049
31/10/1951,0.0016,-0.0253,-0.0022,0.0023,-0.002
30/11/1951,0.0011,0.0057,-0.0032,-0.0006,0.0057
31/12/1951,0.0012,0.0333,-0.0226,-0.0159,0.0168
31/01/1952,0.0015,0.0145,-0.0061,0.0155,0.0135
29/02/1952,0.0012,-0.0262,0.0082,-0.0061,-0.0068
31/03/1952,0.0011,0.0444,-0.0299,0.0217,0.0159
30/04/1952,0.0012,-0.0497,0.0046,-0.001,-0.0206
29/05/1952,0.0013,0.032,-0.01,0.0004,0.0051
30/06/1952,0.0015,0.0383,-0.0164,0.0124,0.0148
31/07/1952,0.0015,0.0091,-0.004,-0.0035,-0.0057
29/08/1952,0.0015,-0.0076,0.0115,0.0001,0.0034
30/09/1952,0.0016,-0.0203,0.0111,-0.0152,0.017
31/10/1952,0.0014,-0.0066,-0.0105,-0.0046,0.0282
28/11/1952,0.001,0.0594,-0.0072,0.0097,0.0048
31/12/1952,0.0016,0.0293,-0.0148,0.0019,0.0159
30/01/1953,0.0016,-0.0034,0.0361,0.0132,0.0071
27/02/1953,0.0014,-0.0027,0.0215,-0.0009,0.0088
31/03/1953,0.0018,-0.0143,-0.0022,-0.0085,0.0007
30/04/1953,0.0016,-0.0283,0.003,0.0157,0.0191
29/05/1953,0.0017,0.0052,-0.0007,0.0023,0.0094
30/06/1953,0.0018,-0.0189,-0.0187,-0.0047,0
31/07/1953,0.0015,0.024,-0.01,-0.0022,-0.0025
31/08/1953,0.0017,-0.0452,0.0029,-0.0353,0.0212
30/09/1953,0.0016,0.002,-0.0084,-0.0244,0.0285
30/10/1953,0.0013,0.046,-0.0135,-0.0025,0.0021
30/11/1953,0.0008,0.0283,-0.013,-0.0015,0.019
31/12/1953,0.0013,0.0003,-0.0085,-0.0284,0.0521
29/01/1954,0.0011,0.0513,0.0048,0.0344,-0.0583
26/02/1954,0.0007,0.0167,-0.0019,-0.0029,0.0104
31/03/1954,0.0008,0.0365,-0.0054,-0.015,0.0204
30/04/1954,0.0009,0.0427,-0.0344,-0.0034,0.0497
28/05/1954,0.0005,0.0309,0.0041,0.0245,-0.019
30/06/1954,0.0006,0.0107,0.0038,0.0001,0.0351
30/07/1954,0.0005,0.0499,0.0106,0.0413,0.0048
31/08/1954,0.0005,-0.0234,0.0269,-0.0138,-0.0066
30/09/1954,0.0009,0.0639,-0.0253,0.0068,0.0156
29/10/1954,0.0007,-0.0167,0.0062,0.0067,0.0095
30/11/1954,0.0006,0.0938,-0.0262,0.044,0.019
31/12/1954,0.0008,0.0548,0.0212,0.0566,-0.0133
31/01/1955,0.0008,0.006,0.0036,0.0214,0.0136
28/02/1955,0.0009,0.0302,0.0159,0.0058,0.0109
31/03/1955,0.001,-0.0016,-0.0074,0.0197,0.0104
29/04/1955,0.001,0.0311,-0.0162,0.0068,0.0007
31/05/1955,0.0014,0.0093,-0.0028,-0.0096,0.0051
30/06/1955,0.001,0.0655,-0.0465,0.0184,0.0462
29/07/1955,0.001,0.019,-0.0117,0.0035,-0.0121
31/08/1955,0.0016,0.0021,-0.0044,0.0072,0.0179
30/09/1955,0.0016,-0.0036,0.0035,-0.0099,0.0182
31/10/1955,0.0018,-0.0268,0.0148,-0.0015,-0.006
30/11/1955,0.0017,0.0703,-0.0222,0.0033,0.027
30/12/1955,0.0018,0.0149,0.0216,-0.023,-0.0135
31/01/1956,0.0022,-0.0303,0.0037,0.0095,-0.014
29/02/1956,0.0019,0.0377,-0.0098,-0.0043,0.0196
29/03/1956,0.0015,0.0664,-0.0209,-0.0046,0.036
30/04/1956,0.0019,0.0028,0.0001,-0.0024,0.0258
31/05/1956,0.0023,-0.052,0.0145,-0.0131,-0.0161
29/06/1956,0.002,0.0348,-0.0148,-0.0113,0.0273
31/07/1956,0.0022,0.0484,-0.0166,-0.0004,0.025
31/08/1956,0.0017,-0.0318,0.0189,-0.0074,-0.0069
28/09/1956,0.0018,-0.0514,0.0157,0.0176,-0.0075
31/10/1956,0.0025,0.0052,-0.001,-0.0006,0.0243
30/11/1956,0.002,0.0036,-0.0021,0.0178,0.0341
31/12/1956,0.0024,0.0316,-0.0001,-0.0215,0.0382
31/01/1957,0.0027,-0.0358,0.0337,0.0281,-0.0309
28/02/1957,0.0024,-0.0206,-0.0072,-0.0072,0.0032
29/03/1957,0.0023,0.0213,0.0026,-0.0048,-0.0018
30/04/1957,0.0025,0.0426,-0.0159,-0.0145,0.01
31/05/1957,0.0026,0.0345,-0.0105,-0.021,0.0048
28/06/1957,0.0024,-0.0074,0.0054,0.0001,0.0079
31/07/1957,0.003,0.0066,-0.0076,0.0043,-0.0007
30/08/1957,0.0025,-0.0511,0.0005,-0.0041,0.0047
30/09/1957,0.0026,-0.0598,0.0008,0.0092,0.0053
31/10/1957,0.0029,-0.0432,-0.0252,-0.018,0.0195
29/11/1957,0.0028,0.023,0.004,-0.0287,0.0127
31/12/1957,0.0024,-0.0391,-0.0098,-0.0162,0.0782
31/01/1958,0.0028,0.0466,0.0439,0.0419,-0.0762
28/02/1958,0.0012,-0.0152,0.0065,0.0033,0.0373
31/03/1958,0.0009,0.0327,0.0065,-0.0097,-0.0188
30/04/1958,0.0008,0.0309,-0.0062,0.0161,0.0184
29/05/1958,0.0011,0.0231,0.0216,-0.0026,-0.018
30/06/1958,0.0003,0.0293,-0.0019,0.004,-0.0088
31/07/1958,0.0007,0.0439,0.0047,0.0306,-0.037
29/08/1958,0.0004,0.0191,0.0118,0.0036,0.0021
30/09/1958,0.0019,0.0466,0.0012,0.0285,-0.011
31/10/1958,0.0018,0.0253,0.0109,-0.0118,0.0315
28/11/1958,0.0011,0.0301,0.0197,-0.0118,0.0158
31/12/1958,0.0022,0.0515,-0.0203,0.0003,-0.0063
30/01/1959,0.0021,0.0071,0.0302,0.0291,-0.0026
27/02/1959,0.0019,0.0095,0.0146,0.0116,0.0345
31/03/1959,0.0022,0.0028,0.0149,-0.0034,0.0016
30/04/1959,0.002,0.0366,-0.006,-0.0123,0.0317
29/05/1959,0.0022,0.0173,-0.0216,0.0179,0.0149
30/06/1959,0.0025,-0.0025,0.0067,0.0131,0.029
31/07/1959,0.0025,0.0317,-0.003,0.0023,-0.003
31/08/1959,0.0019,-0.0139,-0.0076,0.0044,-0.01
30/09/1959,0.0031,-0.048,-0.0009,0.0055,0.0093
30/10/1959,0.003,0.0128,0.0144,-0.021,0.0371
30/11/1959,0.0026,0.016,0.0123,-0.0321,0.0223
31/12/1959,0.0034,0.0245,-0.0058,-0.0007,0.0103
29/01/1960,0.0033,-0.0698,0.0209,0.0278,-0.0354
29/02/1960,0.0029,0.0117,0.0051,-0.0193,0.0392
31/03/1960,0.0035,-0.0163,-0.0049,-0.0294,0.0138
29/04/1960,0.0019,-0.0171,0.0032,-0.0228,0.0284
31/05/1960,0.0027,0.0312,0.0121,-0.037,0.0479
30/06/1960,0.0024,0.0208,-0.0021,-0.0034,0.0086
29/07/1960,0.0013,-0.0237,-0.0051,0.0198,-0.0081
31/08/1960,0.0017,0.0301,0.0087,-0.0018,0.0191
30/09/1960,0.0016,-0.0599,-0.0111,0.0162,0.0032
31/10/1960,0.0022,-0.0071,-0.0408,0.0283,0.0125
30/11/1960,0.0013,0.0469,0.004,-0.0243,0.0378
30/12/1960,0.0016,0.0471,-0.0155,-0.0081,0.0141
31/01/1961,0.0019,0.062,0.0064,0.0372,-0.04
28/02/1961,0.0014,0.0357,0.0393,-0.0066,0.0098
30/03/1961,0.002,0.0289,0.033,-0.0073,0.0454
28/04/1961,0.0017,0.0029,0.0007,0.0212,0.036
31/05/1961,0.0018,0.024,0.0201,0.0037,-0.0157
30/06/1961,0.002,-0.0308,-0.0249,-0.0014,0.0033
31/07/1961,0.0018,0.0283,-0.019,-0.0009,0.0027
31/08/1961,0.0014,0.0257,-0.0175,-0.0028,0.0159
29/09/1961,0.0017,-0.0215,-0.0107,-0.0061,0.0082
31/10/1961,0.0019,0.0257,-0.0165,0.0015,0.0311
30/11/1961,0.0015,0.0445,0.0126,-0.0123,0.0135
29/12/1961,0.0019,-0.0018,-0.0085,0.0179,-0.0221
31/01/1962,0.0024,-0.0387,0.0177,0.0513,-0.0203
28/02/1962,0.002,0.0181,-0.0115,0.0082,-0.0101
30/03/1962,0.002,-0.0068,0.0052,-0.0138,0.0184
30/04/1962,0.0022,-0.0659,-0.007,0.0003,0.0291
31/05/1962,0.0024,-0.0865,-0.0334,0.0277,0.0041
29/06/1962,0.002,-0.0847,-0.0059,0.0255,0.0646
31/07/1962,0.0027,0.0628,0.0152,-0.0341,0.0052
31/08/1962,0.0023,0.0213,0.0122,-0.012,-0.006
28/09/1962,0.0021,-0.0522,-0.0242,0.0128,0.0395
31/10/1962,0.0025,-0.0005,-0.0397,0.013,0.0076
30/11/1962,0.002,0.1087,0.0261,0.0095,-0.0716
31/12/1962,0.0023,0.0101,-0.038,0.0036,0.0589
31/01/1963,0.0025,0.0493,0.0308,0.0221,-0.0211
28/02/1963,0.0023,-0.0238,0.0048,0.0218,0.0253
29/03/1963,0.0023,0.0308,-0.0259,0.0206,0.0162
30/04/1963,0.0025,0.0451,-0.0134,0.01,-0.0009
31/05/1963,0.0024,0.0176,0.0113,0.0254,0.0033
28/06/1963,0.0023,-0.02,-0.0027,0.0075,0.0121
31/07/1963,0.0027,-0.0039,-0.0045,-0.0097,0.009
30/08/1963,0.0025,0.0507,-0.0098,0.018,0.0101
30/09/1963,0.0027,-0.0157,-0.0033,0.0013,0.0019
31/10/1963,0.0029,0.0253,-0.0058,-0.001,0.0312
29/11/1963,0.0027,-0.0085,-0.0117,0.0175,-0.0074
31/12/1963,0.0029,0.0183,-0.0216,-0.0002,0.0175
31/01/1964,0.003,0.0224,-0.0011,0.0148,0.0086
28/02/1964,0.0026,0.0154,0.0011,0.0281,0.0026
31/03/1964,0.0031,0.0141,0.0087,0.034,0.0075
30/04/1964,0.0029,0.001,-0.0135,-0.0067,-0.0058
28/05/1964,0.0026,0.0142,-0.0086,0.0186,0.0257
30/06/1964,0.003,0.0127,-0.0012,0.0062,0.0046
31/07/1964,0.003,0.0174,0.0024,0.0075,-0.0035
31/08/1964,0.0028,-0.0144,0.0016,0.0008,-0.0022
30/09/1964,0.0028,0.0269,-0.0054,0.017,-0.0041
30/10/1964,0.0029,0.0059,0.0042,0.0117,0.0008
30/11/1964,0.0029,0,0.0069,-0.0196,0.0103
31/12/1964,0.0031,0.0003,-0.0035,-0.0248,-0.0074
29/01/1965,0.0028,0.0354,0.027,0.0012,-0.0144
26/02/1965,0.003,0.0044,0.0355,0.0011,0.0032
31/03/1965,0.0036,-0.0134,0.0189,0.0103,0.0015
30/04/1965,0.0031,0.0311,0.011,0.0066,0.0263
28/05/1965,0.0031,-0.0077,0.0011,-0.0161,0.006
30/06/1965,0.0035,-0.0551,-0.0434,0.0059,-0.0313
30/07/1965,0.0031,0.0143,0.0089,0.022,0.041
31/08/1965,0.0033,0.0273,0.0284,-0.01,0.0258
30/09/1965,0.0031,0.0286,0.0064,-0.0013,0.033
29/10/1965,0.0031,0.026,0.0252,0.0156,0.0346
30/11/1965,0.0035,-0.0003,0.0468,0.0015,0.0445
31/12/1965,0.0033,0.0101,0.0206,0.0203,0.0012
31/01/1966,0.0038,0.0072,0.0384,0.0356,0.0539
28/02/1966,0.0035,-0.0121,0.044,0.0033,0.0457
31/03/1966,0.0038,-0.0251,0.0099,-0.0198,0.0142
29/04/1966,0.0034,0.0214,0.0343,-0.0046,0.0628
31/05/1966,0.0041,-0.0566,-0.046,-0.0163,-0.047
30/06/1966,0.0038,-0.0144,0.0103,0.005,0.0325
29/07/1966,0.0035,-0.0163,-0.0036,0.0095,-0.0134
31/08/1966,0.0041,-0.0791,-0.0327,0.0043,-0.0214
30/09/1966,0.004,-0.0106,-0.0104,0.0056,-0.0184
31/10/1966,0.0045,0.0386,-0.0652,0.0269,-0.0526
30/11/1966,0.004,0.014,0.0424,-0.0469,0.0572
30/12/1966,0.004,0.0013,0.0197,-0.0119,0.0106
31/01/1967,0.0043,0.0815,0.0832,0.0227,-0.0693
28/02/1967,0.0036,0.0078,0.0335,-0.0222,0.0352
31/03/1967,0.0039,0.0399,0.0155,0.0037,0.0153
28/04/1967,0.0032,0.0389,0.0063,-0.0248,0.0059
31/05/1967,0.0033,-0.0433,0.019,0.0109,0.0072
30/06/1967,0.0027,0.0241,0.0593,0.0085,0.06
31/07/1967,0.0031,0.0458,0.0312,0.0273,-0.0107
31/08/1967,0.0031,-0.0089,0.0042,0.0144,-0.0138
29/09/1967,0.0032,0.0311,0.0306,-0.025,0.0252
31/10/1967,0.0039,-0.0309,0.0146,-0.033,0.0367
30/11/1967,0.0036,0.0037,0.0021,-0.017,0.0126
29/12/1967,0.0033,0.0305,0.0573,-0.0053,0.0325
31/01/1968,0.004,-0.0406,0.0392,0.048,-0.047
29/02/1968,0.0039,-0.0375,-0.0294,0.0128,-0.0343
29/03/1968,0.0038,0.002,-0.0134,-0.0059,0.0323
30/04/1968,0.0043,0.0905,0.0568,-0.0113,0.0509
31/05/1968,0.0045,0.0228,0.064,0.0085,0.038
28/06/1968,0.0043,0.0069,-0.0019,0.0073,-0.019
30/07/1968,0.0048,-0.0272,-0.0136,0.0539,-0.0088
30/08/1968,0.0042,0.0134,0.0234,0.0101,0.0189
30/09/1968,0.0043,0.0403,0.028,0.003,-0.0065
31/10/1968,0.0044,0.0042,-0.0048,0.0286,-0.0146
29/11/1968,0.0042,0.0543,0.0234,-0.0092,0.0175
31/12/1968,0.0043,-0.0394,0.0337,-0.0001,-0.0001
31/01/1969,0.0053,-0.0125,-0.0074,0.0167,-0.0017
28/02/1969,0.0046,-0.0584,-0.0392,0.0091,-0.0236
28/03/1969,0.0046,0.0264,-0.003,-0.0051,0.0397
30/04/1969,0.0053,0.0146,-0.0086,-0.0003,0.0113
29/05/1969,0.0048,-0.001,-0.0021,0.007,0.017
30/06/1969,0.0051,-0.0718,-0.0537,-0.0108,-0.023
31/07/1969,0.0053,-0.07,-0.0324,0.012,0.0171
29/08/1969,0.005,0.0468,0.0093,-0.0379,0.0217
30/09/1969,0.0062,-0.0298,0.0118,-0.0327,0.0252
31/10/1969,0.006,0.0506,0.0391,-0.0316,-0.0431
28/11/1969,0.0052,-0.0379,-0.0258,-0.0119,0.0366
31/12/1969,0.0064,-0.0263,-0.0371,-0.0286,0.0496
30/01/1970,0.006,-0.081,0.0293,0.0313,0.006
27/02/1970,0.0062,0.0513,-0.0258,0.0393,0.0023
31/03/1970,0.0057,-0.0106,-0.0232,0.0399,-0.0036
30/04/1970,0.005,-0.11,-0.0615,0.0618,-0.0077
29/05/1970,0.0053,-0.0692,-0.0459,0.0333,-0.0278
30/06/1970,0.0058,-0.0579,-0.0213,0.006,0.057
31/07/1970,0.0052,0.0693,-0.005,0.009,-0.0314
31/08/1970,0.0053,0.0449,0.0152,0.0115,-0.0655
30/09/1970,0.0054,0.0418,0.0859,-0.0547,-0.088
30/10/1970,0.0046,-0.0228,-0.0421,0.0022,0.0942
30/11/1970,0.0046,0.046,-0.0394,0.0169,0.0273
31/12/1970,0.0042,0.0572,0.0292,0.01,-0.0223
29/01/1971,0.0038,0.0484,0.0736,0.0133,-0.0651
26/02/1971,0.0033,0.0141,0.0186,-0.0123,0.0079
31/03/1971,0.003,0.0413,0.0262,-0.0395,-0.0141
30/04/1971,0.0028,0.0315,-0.0049,0.0069,0.0141
28/05/1971,0.0029,-0.0398,-0.0104,-0.0144,0.0086
30/06/1971,0.0037,-0.001,-0.0147,-0.0187,0.0273
30/07/1971,0.004,-0.045,-0.0148,0.0002,-0.0235
31/08/1971,0.0047,0.0379,-0.0017,0.0263,0.0361
30/09/1971,0.0037,-0.0085,0.0051,-0.0291,0.0212
29/10/1971,0.0037,-0.0442,-0.0176,-0.0048,0.0047
30/11/1971,0.0037,-0.0046,-0.0277,-0.0168,0.0151
31/12/1971,0.0037,0.0871,0.0329,-0.004,-0.0058
31/01/1972,0.0029,0.0249,0.0585,0.0224,0.0017
29/02/1972,0.0025,0.0287,0.013,-0.0279,0.0254
30/03/1972,0.0027,0.0063,-0.0024,-0.0161,0.0294
28/04/1972,0.0029,0.0029,0.0011,0.0012,0.0281
31/05/1972,0.003,0.0125,-0.0269,-0.027,0.0329
30/06/1972,0.0029,-0.0243,0.0027,-0.0248,0.019
31/07/1972,0.0031,-0.008,-0.0287,0.0066,0.0275
31/08/1972,0.0029,0.0326,-0.0403,0.0454,-0.054
29/09/1972,0.0034,-0.0114,-0.0265,0.0046,0.0182
31/10/1972,0.004,0.0052,-0.0273,0.0134,0.0071
30/11/1972,0.0037,0.046,-0.012,0.0485,-0.0509
29/12/1972,0.0037,0.0062,-0.0195,-0.0219,0.0492
31/01/1973,0.0044,-0.0329,-0.0349,0.0268,0.0373
28/02/1973,0.0041,-0.0485,-0.0387,0.016,0.0216
30/03/1973,0.0046,-0.013,-0.0282,0.0262,0.0359
30/04/1973,0.0052,-0.0568,-0.0385,0.0541,0.0636
31/05/1973,0.0051,-0.0294,-0.063,0.0041,0.0714
29/06/1973,0.0051,-0.0157,-0.0286,0.012,0.043
31/07/1973,0.0064,0.0505,0.0797,-0.0531,-0.1157
31/08/1973,0.007,-0.0382,-0.0213,0.0124,0.0346
28/09/1973,0.0068,0.0475,0.0304,0.0201,-0.07
31/10/1973,0.0065,-0.0083,-0.0045,0.0194,0.0687
30/11/1973,0.0056,-0.1275,-0.0767,0.0387,0.0866
31/12/1973,0.0064,0.0061,-0.0535,0.0385,0.1038
31/01/1974,0.0063,-0.0017,0.0968,0.0602,-0.0885
28/02/1974,0.0058,-0.0047,-0.0018,0.0281,0.0032
29/03/1974,0.0056,-0.0281,0.026,-0.0032,-0.0105
30/04/1974,0.0075,-0.0529,-0.0074,0.0085,0.0211
31/05/1974,0.0075,-0.0468,-0.0296,-0.0202,-0.0039
28/06/1974,0.006,-0.0283,-0.0017,0.0077,0.0231
31/07/1974,0.007,-0.0805,0.0084,0.0516,0.0311
30/08/1974,0.006,-0.0935,-0.0073,0.0264,0.03
30/09/1974,0.0081,-0.1177,0.0027,0.0558,0.0424
31/10/1974,0.0051,0.161,-0.0346,-0.0987,-0.0054
29/11/1974,0.0054,-0.0451,-0.0121,-0.002,0.0213
31/12/1974,0.007,-0.0345,-0.0483,0.0011,0.0292
31/01/1975,0.0058,0.1366,0.1114,0.0828,-0.1382
28/02/1975,0.0043,0.0556,0.0016,-0.0444,-0.0061
31/03/1975,0.0041,0.0266,0.0378,0.0238,-0.0204
30/04/1975,0.0044,0.0423,-0.0065,-0.0114,0.0138
30/05/1975,0.0044,0.0519,0.0383,-0.041,-0.0058
30/06/1975,0.0041,0.0483,0.0087,0.0138,0.0004
31/07/1975,0.0048,-0.0659,0.027,0.0169,0.0042
29/08/1975,0.0048,-0.0285,-0.0325,-0.0095,-0.001
30/09/1975,0.0053,-0.0426,-0.001,0.0039,0.0041
31/10/1975,0.0056,0.0531,-0.0403,0.0028,-0.0016
28/11/1975,0.0041,0.0264,-0.012,0.0203,-0.0045
31/12/1975,0.0048,-0.016,-0.0078,0.0169,-0.0011
30/01/1976,0.0047,0.1216,0.0481,0.0863,0.0445
27/02/1976,0.0034,0.0032,0.0706,0.0587,0.0038
31/03/1976,0.004,0.0232,-0.0116,-0.0012,0.0015
30/04/1976,0.0042,-0.0149,-0.0011,-0.0016,0.0059
28/05/1976,0.0037,-0.0134,-0.0123,-0.0136,-0.0112
30/06/1976,0.0043,0.0405,-0.0132,0.0071,-0.0042
30/07/1976,0.0047,-0.0107,0.0029,0.0173,-0.0013
31/08/1976,0.0042,-0.0056,-0.02,0.0081,-0.0085
30/09/1976,0.0044,0.0207,-0.0002,-0.0029,0.0022
29/10/1976,0.0041,-0.0242,0.0022,-0.0018,-0.0044
30/11/1976,0.004,0.0036,0.0232,0.0151,0.0291
31/12/1976,0.004,0.0565,0.0303,0.0227,0.0073
31/01/1977,0.0036,-0.0405,0.0476,0.0427,0.04
28/02/1977,0.0035,-0.0194,0.0104,0.0047,0.0036
31/03/1977,0.0038,-0.0137,0.01,0.0109,0.0055
29/04/1977,0.0038,0.0015,-0.0012,0.0338,0.0421
31/05/1977,0.0037,-0.0145,0.0118,0.0085,0.0203
30/06/1977,0.004,0.0471,0.0209,-0.0074,0.0166
29/07/1977,0.0042,-0.0169,0.0216,-0.0056,0.0032
31/08/1977,0.0044,-0.0175,0.0148,-0.027,-0.017
30/09/1977,0.0043,-0.0027,0.0134,-0.0052,0.02
31/10/1977,0.0049,-0.0438,0.0125,0.0175,-0.0008
30/11/1977,0.005,0.04,0.0373,0.0026,0.0201
30/12/1977,0.0049,0.0027,0.0132,-0.0029,0.0158
31/01/1978,0.0049,-0.0601,0.0224,0.0336,-0.0066
28/02/1978,0.0046,-0.0138,0.0359,0.0083,0.0197
31/03/1978,0.0053,0.0285,0.0349,0.0118,0.0137
28/04/1978,0.0054,0.0788,0.0045,-0.0354,0.0086
31/05/1978,0.0051,0.0176,0.0456,-0.0052,0.0283
30/06/1978,0.0054,-0.0169,0.0166,0.0057,0.0274
31/07/1978,0.0056,0.0511,0.0023,-0.0115,0.0417
31/08/1978,0.0056,0.0375,0.0506,-0.0051,0.0283
29/09/1978,0.0062,-0.0143,-0.0043,0.0189,-0.0314
31/10/1978,0.0068,-0.1191,-0.0986,0.0138,-0.0846
30/11/1978,0.007,0.0271,0.0297,-0.0215,0.0545
29/12/1978,0.0078,0.0088,0.0129,-0.0213,0.0303
31/01/1979,0.0077,0.0423,0.0362,0.0219,-0.0136
28/02/1979,0.0073,-0.0356,0.0045,0.0117,-0.0106
30/03/1979,0.0081,0.0568,0.0326,-0.0071,0.0293
30/04/1979,0.008,-0.0006,0.0215,0.0112,0.0081
31/05/1979,0.0082,-0.0221,0.0021,0.0131,-0.0054
29/06/1979,0.0081,0.0385,0.0117,0.0144,0.0084
31/07/1979,0.0077,0.0082,0.0128,0.0186,-0.0107
31/08/1979,0.0077,0.0553,0.0205,-0.0158,-0.002
28/09/1979,0.0083,-0.0082,-0.0027,-0.009,0.0528
31/10/1979,0.0087,-0.081,-0.0337,-0.0184,0.0201
30/11/1979,0.0099,0.0521,0.0287,-0.0329,0.0814
31/12/1979,0.0095,0.0179,0.0417,-0.021,0.0478
31/01/1980,0.008,0.0551,0.0162,0.0175,0.0755
29/02/1980,0.0089,-0.0122,-0.0185,0.0061,0.0788
31/03/1980,0.0121,-0.129,-0.0664,-0.0101,-0.0955
30/04/1980,0.0126,0.0397,0.0105,0.0106,-0.0043
30/05/1980,0.0081,0.0526,0.0213,0.0038,-0.0112
30/06/1980,0.0061,0.0306,0.0166,-0.0076,0.0162
31/07/1980,0.0053,0.0649,0.0414,-0.0641,0.0039
29/08/1980,0.0064,0.018,0.0392,-0.026,0.0321
30/09/1980,0.0075,0.0219,0.0098,-0.0459,0.0539
31/10/1980,0.0095,0.0106,0.0247,-0.0276,0.073
28/11/1980,0.0096,0.0959,-0.0336,-0.0833,0.1522
31/12/1980,0.0131,-0.0452,-0.0026,0.0279,-0.0668
30/01/1981,0.0104,-0.0504,0.0292,0.0672,-0.0795
27/02/1981,0.0107,0.0057,-0.0034,0.0102,-0.0135
31/03/1981,0.0121,0.0356,0.0354,0.0064,0.0074
30/04/1981,0.0108,-0.0211,0.044,0.0228,-0.0091
29/05/1981,0.0115,0.0011,0.02,-0.0042,0.037
30/06/1981,0.0135,-0.0236,-0.0083,0.0513,-0.0581
31/07/1981,0.0124,-0.0154,-0.0219,-0.005,-0.0245
31/08/1981,0.0128,-0.0704,-0.0195,0.0476,-0.0115
30/09/1981,0.0124,-0.0717,-0.0265,0.0517,0.0195
30/10/1981,0.0121,0.0492,0.0223,-0.0421,0.0401
30/11/1981,0.0107,0.0336,-0.0103,0.0183,-0.0027
31/12/1981,0.0087,-0.0365,0.012,0.0081,0.013
29/01/1982,0.008,-0.0324,-0.0128,0.0319,0.0172
26/02/1982,0.0092,-0.0586,0.0044,0.0605,0.0488
31/03/1982,0.0098,-0.0187,-0.0021,0.0381,0.0296
30/04/1982,0.0113,0.0327,0.0147,-0.027,-0.004
28/05/1982,0.0106,-0.0399,0.0052,0.0175,0.025
30/06/1982,0.0096,-0.0309,-0.004,0.0153,0.0496
30/07/1982,0.0105,-0.0319,0.0083,0.0009,0.0445
31/08/1982,0.0076,0.1114,-0.0414,0.0095,-0.0352
30/09/1982,0.0051,0.0129,0.0295,0.0028,0.0419
29/10/1982,0.0059,0.113,0.0234,-0.0366,0.0018
30/11/1982,0.0063,0.0467,0.0467,-0.0187,0.0595
31/12/1982,0.0067,0.0055,-0.0022,-0.0002,0.0004
31/01/1983,0.0069,0.036,0.0273,-0.0075,-0.0173
28/02/1983,0.0062,0.0259,0.0327,0.007,0.0377
31/03/1983,0.0063,0.0282,0.0173,0.0202,0.0092
29/04/1983,0.0071,0.0667,0.005,0.0049,0.0172
31/05/1983,0.0069,0.0052,0.0624,-0.014,-0.0156
30/06/1983,0.0067,0.0307,0.0095,-0.039,0.018
29/07/1983,0.0074,-0.0407,0.015,0.0562,-0.0313
31/08/1983,0.0076,-0.005,-0.0428,0.0554,-0.0565
30/09/1983,0.0076,0.0091,0.0061,0.0101,-0.0003
31/10/1983,0.0076,-0.0344,-0.0357,0.0497,-0.0452
30/11/1983,0.007,0.0216,0.0201,-0.0072,-0.0013
30/12/1983,0.0073,-0.0178,-0.0027,0.0173,0.0084
31/01/1984,0.0076,-0.0192,-0.0038,0.0758,-0.0256
29/02/1984,0.0071,-0.0482,-0.0169,0.0333,0.0022
30/03/1984,0.0073,0.0063,0.0007,0.0046,0.0107
30/04/1984,0.0081,-0.0051,-0.0116,0.012,0.0207
31/05/1984,0.0078,-0.0597,0.0006,0.0031,0.0151
29/06/1984,0.0075,0.0182,-0.003,-0.0266,-0.007
31/07/1984,0.0082,-0.0274,-0.0221,0.0036,0.0285
31/08/1984,0.0083,0.1028,-0.0024,-0.0182,-0.0559
28/09/1984,0.0086,-0.008,0.0017,0.0528,0.0362
31/10/1984,0.01,-0.0084,-0.0123,0.0045,0.0316
30/11/1984,0.0073,-0.0176,-0.0065,0.0406,0.0164
31/12/1984,0.0064,0.0184,-0.0056,-0.0026,0.0149
31/01/1985,0.0065,0.0799,0.0331,-0.0535,-0.0682
28/02/1985,0.0058,0.0122,0.0079,-0.001,0.0188
29/03/1985,0.0062,-0.0084,-0.0108,0.0407,0.0158
30/04/1985,0.0072,-0.0096,0.0014,0.0372,0.0304
31/05/1985,0.0066,0.0509,-0.0222,-0.0096,0.0399
28/06/1985,0.0055,0.0127,0.0052,0.0038,0.0357
31/07/1985,0.0062,-0.0074,0.0284,-0.0162,-0.0391
30/08/1985,0.0055,-0.0102,-0.003,0.0232,0.0185
30/09/1985,0.006,-0.0454,-0.0159,0.0129,0.0151
31/10/1985,0.0065,0.0402,-0.0151,0.0075,0.0488
29/11/1985,0.0061,0.0648,0.0025,-0.0285,-0.0047
31/12/1985,0.0065,0.0388,-0.0051,-0.0154,-0.0023
31/01/1986,0.0056,0.0065,0.0121,0.0044,0.03
28/02/1986,0.0053,0.0713,-0.0054,-0.0072,0.0276
31/03/1986,0.006,0.0488,-0.0059,-0.0039,0.0241
30/04/1986,0.0052,-0.0131,0.0278,-0.0287,-0.0037
30/05/1986,0.0049,0.0462,-0.0135,-0.0021,0.0205
30/06/1986,0.0052,0.0103,-0.0096,0.0128,0.0507
31/07/1986,0.0052,-0.0645,-0.0336,0.047,0.0183
29/08/1986,0.0046,0.0607,-0.0417,0.0351,-0.0528
30/09/1986,0.0045,-0.086,0.0236,0.0322,-0.0579
31/10/1986,0.0046,0.0466,-0.025,-0.0142,0.0446
28/11/1986,0.0039,0.0117,-0.0191,-0.0007,-0.0026
31/12/1986,0.0049,-0.0327,0.0013,0.0036,0.0035
30/01/1987,0.0042,0.1247,-0.0181,-0.0316,0.022
27/02/1987,0.0043,0.0439,0.0349,-0.0591,-0.0207
31/03/1987,0.0047,0.0164,0.0045,0.0161,0.0168
30/04/1987,0.0044,-0.0211,-0.0169,-0.0039,0.0022
29/05/1987,0.0038,0.0011,-0.005,0.0023,-0.0074
30/06/1987,0.0048,0.0394,-0.0212,0.0104,-0.0025
31/07/1987,0.0046,0.0385,-0.0069,0.0068,0.0272
31/08/1987,0.0047,0.0352,-0.0077,-0.0093,-0.0086
30/09/1987,0.0045,-0.0259,0.0054,0.0027,0.0077
30/10/1987,0.006,-0.2324,-0.0843,0.0424,-0.0786
30/11/1987,0.0035,-0.0777,0.0272,0.0295,-0.0117
31/12/1987,0.0039,0.0681,0.0013,-0.0443,0.0587
29/01/1988,0.0029,0.0421,-0.0072,0.0501,-0.0724
29/02/1988,0.0046,0.0475,0.0334,-0.0171,-0.0147
31/03/1988,0.0044,-0.0227,0.0615,0.0073,0.0058
29/04/1988,0.0046,0.0056,0.01,0.0167,0.0224
31/05/1988,0.0051,-0.0029,-0.026,0.0242,0.0063
30/06/1988,0.0049,0.0479,0.0211,-0.0124,-0.0293
29/07/1988,0.0051,-0.0125,-0.0025,0.0222,0.0066
31/08/1988,0.0059,-0.0331,0.0004,0.0215,0.0035
30/09/1988,0.0062,0.033,-0.0131,-0.0075,0.0027
31/10/1988,0.0061,0.0115,-0.0293,0.0205,0.0133
30/11/1988,0.0057,-0.0229,-0.0172,0.0141,0.0033
30/12/1988,0.0063,0.0149,0.0195,-0.0169,0.0049
31/01/1989,0.0055,0.061,-0.0223,0.006,-0.0016
28/02/1989,0.0061,-0.0225,0.0282,0.0101,0.0099
31/03/1989,0.0067,0.0157,0.0067,0.0058,0.0351
28/04/1989,0.0067,0.0433,-0.0068,-0.0142,0.0177
31/05/1989,0.0079,0.0335,-0.0005,-0.0088,0.0152
30/06/1989,0.0071,-0.0135,-0.0102,0.0225,0.0043
31/07/1989,0.007,0.072,-0.0414,-0.0279,0.0541
31/08/1989,0.0074,0.0144,0.0056,0.006,-0.0012
29/09/1989,0.0065,-0.0076,0.0032,-0.0127,0.034
31/10/1989,0.0068,-0.0367,-0.0323,-0.0111,0.0132
30/11/1989,0.0069,0.0103,-0.0124,-0.0109,0.026
29/12/1989,0.0061,0.0116,-0.0236,0.0016,0.028
31/01/1990,0.0057,-0.0785,-0.0124,0.0085,-0.0327
28/02/1990,0.0057,0.0111,0.0099,0.0064,-0.0055
30/03/1990,0.0064,0.0183,0.015,-0.0292,0.018
30/04/1990,0.0069,-0.0336,-0.0046,-0.0259,0.0239
31/05/1990,0.0068,0.0842,-0.0253,-0.0383,0.0303
29/06/1990,0.0063,-0.0109,0.014,-0.0193,0.024
31/07/1990,0.0068,-0.019,-0.0312,-0.0003,0.061
31/08/1990,0.0066,-0.1015,-0.0357,0.0164,0.0188
28/09/1990,0.006,-0.0612,-0.0365,0.0064,0.0578
31/10/1990,0.0068,-0.0192,-0.0557,0.001,0.0671
30/11/1990,0.0057,0.0635,0.0043,-0.031,-0.0548
31/12/1990,0.006,0.0246,0.0081,-0.017,0.0029
31/01/1991,0.0052,0.0469,0.0381,-0.016,-0.0645
28/02/1991,0.0048,0.0719,0.0395,-0.0058,-0.0461
28/03/1991,0.0044,0.0265,0.0393,-0.0139,0.0287
30/04/1991,0.0053,-0.0028,0.0048,0.015,-0.0236
31/05/1991,0.0047,0.0365,-0.004,-0.0052,-0.0011
28/06/1991,0.0042,-0.0494,0.0013,0.0115,0.0047
31/07/1991,0.0049,0.0424,-0.0092,-0.0132,0.0432
30/08/1991,0.0046,0.0232,0.0158,-0.0078,0.0157
30/09/1991,0.0046,-0.0159,0.0164,-0.0108,0.0179
31/10/1991,0.0042,0.0129,0.0081,-0.0047,0.0306
29/11/1991,0.0039,-0.0419,-0.005,-0.0189,0.0114
31/12/1991,0.0038,0.1084,-0.0224,-0.0417,0.0819
31/01/1992,0.0034,-0.0059,0.0846,0.0471,-0.0249
28/02/1992,0.0028,0.0109,0.0087,0.0647,-0.0053
31/03/1992,0.0034,-0.0266,-0.0104,0.0356,-0.0029
30/04/1992,0.0032,0.0107,-0.0606,0.0434,-0.0258
29/05/1992,0.0028,0.003,0.0041,0.0119,0.0021
30/06/1992,0.0032,-0.0234,-0.0307,0.0324,-0.0058
31/07/1992,0.0031,0.0377,-0.0047,-0.0056,0.0156
31/08/1992,0.0026,-0.0238,-0.0013,-0.011,-0.0051
30/09/1992,0.0026,0.0119,0.0054,-0.0026,0.0149
30/10/1992,0.0023,0.0102,0.0209,-0.0198,0.0248
30/11/1992,0.0023,0.0413,0.0376,-0.0135,-0.0015
31/12/1992,0.0028,0.0153,0.0169,0.0262,0.0431
29/01/1993,0.0023,0.0093,0.0189,0.0594,0.0483
26/02/1993,0.0022,0.0012,-0.0348,0.0642,0.0314
31/03/1993,0.0025,0.023,0.0024,0.0118,0.0373
30/04/1993,0.0024,-0.0305,-0.0067,0.0249,0.0038
28/05/1993,0.0022,0.0289,0.0204,-0.0342,0.0022
30/06/1993,0.0025,0.0031,-0.0029,0.0275,0.0455
30/07/1993,0.0024,-0.0034,0.0096,0.0285,0.0316
31/08/1993,0.0025,0.0371,0.0013,0.0013,0.0265
30/09/1993,0.0026,-0.0012,0.0304,-0.0031,0.0337
29/10/1993,0.0022,0.0141,0.0203,-0.0276,-0.0272
30/11/1993,0.0025,-0.0189,-0.0125,-0.0074,-0.0474
31/12/1993,0.0023,0.0165,0.0123,0.0032,0.0236
31/01/1994,0.0025,0.0287,0.0034,0.0115,0
28/02/1994,0.0021,-0.0255,0.028,-0.0154,-0.003
31/03/1994,0.0027,-0.0478,-0.0108,0.016,-0.0127
29/04/1994,0.0027,0.0068,-0.0093,0.0166,0.0039
31/05/1994,0.0031,0.0058,-0.0215,0.0067,-0.0219
30/06/1994,0.0031,-0.0303,-0.0041,0.0167,-0.0087
29/07/1994,0.0028,0.0282,-0.0181,0.0058,0.0018
31/08/1994,0.0037,0.0401,0.0145,-0.0251,0.0155
30/09/1994,0.0037,-0.0231,0.0314,-0.0189,0.0131
31/10/1994,0.0038,0.0134,-0.0224,-0.0162,0.0149
30/11/1994,0.0037,-0.0404,0.0025,-0.007,-0.0018
30/12/1994,0.0044,0.0086,0.0022,-0.0013,0.0348
31/01/1995,0.0042,0.018,-0.035,0.0257,-0.0181
28/02/1995,0.004,0.0363,-0.0066,0.0108,-0.0039
31/03/1995,0.0046,0.0219,-0.0016,-0.0215,0.0043
28/04/1995,0.0044,0.0211,-0.0049,0.0171,0.0179
31/05/1995,0.0054,0.029,-0.0255,0.0229,-0.0042
30/06/1995,0.0047,0.0272,0.0318,-0.0254,0.0293
31/07/1995,0.0045,0.0372,0.0207,-0.0162,0.0256
31/08/1995,0.0047,0.0055,0.0135,0.0279,0.0016
29/09/1995,0.0043,0.0335,-0.022,-0.0004,0.029
31/10/1995,0.0047,-0.0152,-0.0378,-0.005,0.0416
30/11/1995,0.0042,0.0396,-0.0109,0.0051,-0.0068
29/12/1995,0.0049,0.0103,0.007,0.0022,0.0252
31/01/1996,0.0043,0.0226,-0.0273,0.0038,0.0054
29/02/1996,0.0039,0.0133,0.0179,-0.0108,0.0059
29/03/1996,0.0039,0.0073,0.0149,0.0035,-0.0184
30/04/1996,0.0046,0.0206,0.0523,-0.0402,-0.0088
31/05/1996,0.0042,0.0236,0.0317,-0.0083,0.0154
28/06/1996,0.004,-0.0114,-0.0401,0.0235,0.0098
31/07/1996,0.0045,-0.0597,-0.0431,0.0514,-0.0016
30/08/1996,0.0041,0.0277,0.0244,-0.0074,0.0001
30/09/1996,0.0044,0.0501,-0.0098,-0.0272,0.027
31/10/1996,0.0042,0.0086,-0.0444,0.0494,0.0379
29/11/1996,0.0041,0.0625,-0.0402,0.0139,-0.0237
31/12/1996,0.0046,-0.017,0.0316,0.0131,0.0063
31/01/1997,0.0045,0.0499,-0.0195,-0.0142,0.0196
28/02/1997,0.0039,-0.0049,-0.0322,0.0567,-0.0213
31/03/1997,0.0043,-0.0503,-0.0036,0.0339,0.009
30/04/1997,0.0043,0.0404,-0.0577,0.0007,0.0484
30/05/1997,0.0049,0.0674,0.0519,-0.0413,-0.0517
30/06/1997,0.0037,0.041,0.0122,0.0158,0.026
31/07/1997,0.0043,0.0733,-0.0274,0.0026,0.0377
29/08/1997,0.0041,-0.0415,0.0728,0.0118,-0.0256
30/09/1997,0.0044,0.0535,0.0253,0.0037,0.0147
31/10/1997,0.0042,-0.038,-0.0073,0.0227,-0.0057
28/11/1997,0.0039,0.0298,-0.0512,0.012,0.0033
31/12/1997,0.0048,0.0132,-0.0248,0.0384,0.0398
30/01/1998,0.0043,0.0015,-0.0107,-0.0163,0.0014
27/02/1998,0.0039,0.0704,0.0032,-0.0085,-0.0112
31/03/1998,0.0039,0.0476,-0.0114,0.0139,0.0215
30/04/1998,0.0043,0.0073,0.0007,0.0094,0.0074
29/05/1998,0.004,-0.0307,-0.0338,0.0344,0.0182
30/06/1998,0.0041,0.0318,-0.0321,-0.0196,0.0728
31/07/1998,0.004,-0.0246,-0.0491,-0.0178,0.0369
31/08/1998,0.0043,-0.1608,-0.0569,0.0353,0.0184
30/09/1998,0.0046,0.0615,0.0009,-0.0342,-0.0081
30/10/1998,0.0032,0.0713,-0.0312,-0.0223,-0.0537
30/11/1998,0.0031,0.061,0.0123,-0.0325,0.012
31/12/1998,0.0038,0.0616,-0.005,-0.0419,0.0892
29/01/1999,0.0035,0.035,0.0075,-0.046,0.0303
26/02/1999,0.0035,-0.0408,-0.0608,0.0192,-0.001
31/03/1999,0.0043,0.0345,-0.038,-0.0274,-0.0127
30/04/1999,0.0037,0.0433,0.0391,0.0246,-0.0904
28/05/1999,0.0034,-0.0246,0.0334,0.0235,-0.0519
30/06/1999,0.004,0.0477,0.031,-0.0319,0.0506
30/07/1999,0.0038,-0.0349,0.026,-0.0044,0.0166
31/08/1999,0.0039,-0.0138,-0.0094,-0.0187,0.0312
30/09/1999,0.0039,-0.0279,0.0341,-0.0349,0.0647
29/10/1999,0.0039,0.0612,-0.0664,-0.0337,0.055
30/11/1999,0.0036,0.0337,0.0721,-0.0612,0.0564
31/12/1999,0.0044,0.0772,0.0703,-0.0833,0.1322
31/01/2000,0.0041,-0.0474,0.0577,-0.0188,0.0192
29/02/2000,0.0043,0.0245,0.2136,-0.0959,0.182
31/03/2000,0.0047,0.052,-0.172,0.0813,-0.0683
28/04/2000,0.0046,-0.064,-0.0668,0.0726,-0.0839
31/05/2000,0.005,-0.0442,-0.0605,0.0475,-0.0898
30/06/2000,0.004,0.0464,0.1284,-0.0842,0.166
31/07/2000,0.0048,-0.0251,-0.0307,0.0831,-0.0005
31/08/2000,0.005,0.0703,-0.0061,-0.0139,0.0573
29/09/2000,0.0051,-0.0545,-0.0182,0.0717,0.0197
31/10/2000,0.0056,-0.0276,-0.0388,0.0571,-0.0448
30/11/2000,0.0051,-0.1072,-0.0341,0.123,-0.0232
29/12/2000,0.005,0.0119,0.0073,0.0761,0.0674
31/01/2001,0.0054,0.0313,0.0668,-0.0507,-0.253
28/02/2001,0.0038,-0.1005,-0.0078,0.1247,0.1257
30/03/2001,0.0042,-0.0726,0.0025,0.0642,0.0855
30/04/2001,0.0039,0.0794,0.0055,-0.0467,-0.079
31/05/2001,0.0032,0.0072,0.025,0.0336,0.0221
29/06/2001,0.0028,-0.0194,0.0624,-0.0112,0.0038
31/07/2001,0.003,-0.0213,-0.0419,0.0521,0.0558
31/08/2001,0.0031,-0.0646,0.0248,0.0231,0.0553
28/09/2001,0.0028,-0.0925,-0.0623,0.0145,0.1148
31/10/2001,0.0022,0.0246,0.0748,-0.0765,-0.0847
30/11/2001,0.0017,0.0754,-0.0047,0.0221,-0.0869
31/12/2001,0.0015,0.016,0.0474,0.0084,0.0007
31/01/2002,0.0014,-0.0144,0.0119,0.0344,0.0375
28/02/2002,0.0013,-0.0229,-0.0101,0.0216,0.0682
28/03/2002,0.0013,0.0424,0.0421,0.0106,-0.0164
30/04/2002,0.0015,-0.052,0.0596,0.0388,0.0763
31/05/2002,0.0014,-0.0138,-0.0321,0.0153,0.0316
28/06/2002,0.0013,-0.0721,0.0429,-0.0005,0.0603
31/07/2002,0.0015,-0.0818,-0.0528,-0.0385,0.0377
30/08/2002,0.0014,0.005,-0.0286,0.0328,0.019
30/09/2002,0.0014,-0.1035,0.024,0.0147,0.0913
31/10/2002,0.0014,0.0784,-0.0341,-0.0395,-0.0558
29/11/2002,0.0012,0.0596,0.0318,-0.0123,-0.1633
31/12/2002,0.0011,-0.0576,0.0009,0.0214,0.0964
31/01/2003,0.001,-0.0257,0.0133,-0.0083,0.0155
28/02/2003,0.0009,-0.0188,-0.0045,-0.0139,0.0117
31/03/2003,0.001,0.0109,0.0102,-0.0193,0.0148
30/04/2003,0.001,0.0822,0.0063,0.0114,-0.0933
30/05/2003,0.0009,0.0605,0.0467,0.004,-0.107
30/06/2003,0.001,0.0142,0.0174,0.0011,-0.01
31/07/2003,0.0007,0.0235,0.0506,-0.0124,-0.0024
29/08/2003,0.0007,0.0234,0.0259,0.0153,-0.0062
30/09/2003,0.0008,-0.0124,0.008,0.0016,-0.0019
31/10/2003,0.0007,0.0608,0.027,0.0197,0.0399
28/11/2003,0.0007,0.0135,0.0208,0.0178,0.0146
31/12/2003,0.0008,0.0429,-0.0268,0.016,-0.0557
30/01/2004,0.0007,0.0215,0.0255,0.0249,0.0258
27/02/2004,0.0006,0.014,-0.0158,0.009,-0.0114
31/03/2004,0.0009,-0.0132,0.0172,0.0027,0.0017
30/04/2004,0.0008,-0.0183,-0.0168,-0.031,-0.0538
28/05/2004,0.0006,0.0117,-0.002,-0.0025,0.015
30/06/2004,0.0008,0.0186,0.0226,0.0118,0.0205
30/07/2004,0.001,-0.0406,-0.0381,0.0324,-0.0229
31/08/2004,0.0011,0.0008,-0.0148,0.0097,-0.0159
30/09/2004,0.0011,0.016,0.0301,0,0.0549
29/10/2004,0.0011,0.0143,0.0015,-0.0022,-0.0138
30/11/2004,0.0015,0.0454,0.0374,0.0141,0.0316
31/12/2004,0.0016,0.0343,-0.0003,-0.0022,-0.0287
31/01/2005,0.0016,-0.0276,-0.0172,0.0206,0.0305
28/02/2005,0.0016,0.0189,-0.0057,0.0154,0.0337
31/03/2005,0.0021,-0.0197,-0.014,0.0204,0.0041
29/04/2005,0.0021,-0.0261,-0.0394,0.0007,-0.0069
31/05/2005,0.0024,0.0365,0.0289,-0.0064,0.0045
30/06/2005,0.0023,0.0057,0.0258,0.0283,0.0205
29/07/2005,0.0024,0.0392,0.0291,-0.0079,0.0006
31/08/2005,0.003,-0.0122,-0.0097,0.0132,0.0208
30/09/2005,0.0029,0.0049,-0.0065,0.0071,0.0343
31/10/2005,0.0027,-0.0202,-0.0125,0.0042,-0.0139
30/11/2005,0.0031,0.0361,0.0099,-0.0116,0.0035
30/12/2005,0.0032,-0.0025,-0.0042,0.002,0.0077
31/01/2006,0.0035,0.0304,0.0539,0.0108,0.0253
28/02/2006,0.0034,-0.003,-0.0038,-0.0034,-0.0184
31/03/2006,0.0037,0.0146,0.0344,0.006,0.0126
28/04/2006,0.0036,0.0073,-0.0142,0.0234,0.0064
31/05/2006,0.0043,-0.0357,-0.0296,0.0241,-0.037
30/06/2006,0.004,-0.0035,-0.0039,0.0085,0.0154
31/07/2006,0.004,-0.0078,-0.0398,0.026,-0.0212
31/08/2006,0.0042,0.0203,0.0103,-0.0206,-0.0338
29/09/2006,0.0041,0.0184,-0.0136,0.0008,-0.0096
31/10/2006,0.0041,0.0323,0.0175,-0.0031,-0.002
30/11/2006,0.0042,0.0171,0.007,0.0014,-0.0103
29/12/2006,0.004,0.0087,-0.0114,0.0273,0.0079
31/01/2007,0.0044,0.014,0.0013,-0.0068,0.0024
28/02/2007,0.0038,-0.0196,0.0119,-0.0014,-0.0135
30/03/2007,0.0043,0.0068,0.0016,-0.0097,0.0256
30/04/2007,0.0044,0.0349,-0.0216,-0.0145,-0.0024
31/05/2007,0.0041,0.0324,0.0024,-0.0065,-0.0034
29/06/2007,0.004,-0.0196,0.0074,-0.0105,0.0051
31/07/2007,0.004,-0.0373,-0.0261,-0.0371,0.0294
31/08/2007,0.0042,0.0092,-0.0012,-0.0186,0.001
28/09/2007,0.0032,0.0322,-0.0223,-0.0221,0.0463
31/10/2007,0.0032,0.018,0.0008,-0.0298,0.0502
30/11/2007,0.0034,-0.0483,-0.0293,-0.0094,0.0099
31/12/2007,0.0027,-0.0087,0.0013,-0.0055,0.0663
31/01/2008,0.0021,-0.0636,-0.0103,0.0397,-0.0775
29/02/2008,0.0013,-0.0309,-0.0043,-0.0084,0.061
31/03/2008,0.0017,-0.0093,0.0071,0.003,0.0427
30/04/2008,0.0018,0.046,-0.0172,-0.0094,-0.0031
30/05/2008,0.0018,0.0186,0.0296,-0.0143,0.0331
30/06/2008,0.0017,-0.0844,0.0123,-0.0271,0.1275
31/07/2008,0.0015,-0.0077,0.0261,0.0542,-0.0513
29/08/2008,0.0013,0.0153,0.036,0.0159,-0.0402
30/09/2008,0.0015,-0.0924,-0.0123,0.0591,0.0028
31/10/2008,0.0008,-0.1723,-0.026,-0.023,0.0785
28/11/2008,0.0003,-0.0786,-0.0285,-0.0631,0.0717
31/12/2008,0,0.0174,0.0346,0.0014,-0.0509
30/01/2009,0,-0.0812,0.0007,-0.1129,-0.0218
27/02/2009,0.0001,-0.101,0.0005,-0.0695,0.0441
31/03/2009,0.0002,0.0895,0.0003,0.0347,-0.1187
30/04/2009,0.0001,0.1018,0.054,0.0536,-0.343
29/05/2009,0,0.0521,-0.0252,0.0028,-0.1249
30/06/2009,0.0001,0.0043,0.0263,-0.0273,0.0548
31/07/2009,0.0001,0.0772,0.0187,0.0483,-0.0555
31/08/2009,0.0001,0.0333,-0.0108,0.0763,-0.0907
30/09/2009,0.0001,0.0408,0.0243,0.0105,-0.0479
30/10/2009,0,-0.0259,-0.0435,-0.0421,0.0261
30/11/2009,0,0.0556,-0.024,-0.0034,0.003
31/12/2009,0.0001,0.0275,0.0605,-0.0017,0.0301
29/01/2010,0,-0.0336,0.004,0.0043,-0.054
26/02/2010,0,0.034,0.0119,0.0323,0.0374
31/03/2010,0.0001,0.0631,0.0148,0.0221,0.0376
30/04/2010,0.0001,0.02,0.0487,0.0289,0.0316
28/05/2010,0.0001,-0.0789,0.0009,-0.0244,-0.0025
30/06/2010,0.0001,-0.0557,-0.0182,-0.047,-0.0276
30/07/2010,0.0001,0.0693,0.002,-0.0031,0.0188
31/08/2010,0.0001,-0.0477,-0.03,-0.019,-0.0006
30/09/2010,0.0001,0.0954,0.0396,-0.0316,0.0141
29/10/2010,0.0001,0.0388,0.0114,-0.0243,0.0158
30/11/2010,0.0001,0.006,0.0377,-0.0096,0.0266
31/12/2010,0.0001,0.0682,0.0073,0.037,-0.0303
31/01/2011,0.0001,0.0199,-0.025,0.0083,-0.0029
28/02/2011,0.0001,0.0349,0.0153,0.0127,0.0199
31/03/2011,0.0001,0.0046,0.0254,-0.0183,0.034
29/04/2011,0,0.029,-0.0038,-0.0243,0.0004
31/05/2011,0,-0.0127,-0.0059,-0.0212,-0.0062
30/06/2011,0,-0.0175,-0.0012,-0.0042,0.0178
29/07/2011,0,-0.0235,-0.0126,-0.009,0.0018
31/08/2011,0.0001,-0.0599,-0.0305,-0.0236,-0.0028
30/09/2011,0,-0.0759,-0.0331,-0.0172,-0.0242
31/10/2011,0,0.1135,0.0328,0.001,-0.0143
30/11/2011,0,-0.0028,-0.0016,-0.0046,0.0384
30/12/2011,0,0.0074,-0.0059,0.0163,0.0181
31/01/2012,0,0.0505,0.0204,-0.0097,-0.0791
29/02/2012,0,0.0442,-0.0185,0.0043,-0.0029
30/03/2012,0,0.0311,-0.0064,0.0114,0.013
30/04/2012,0,-0.0085,-0.0042,-0.0078,0.0375
31/05/2012,0.0001,-0.0619,0.0007,-0.0107,0.0649
29/06/2012,0,0.0389,0.0067,0.0062,-0.0106
31/07/2012,0,0.0079,-0.0274,-0.0002,0.0304
31/08/2012,0.0001,0.0255,0.0047,0.013,-0.0237
28/09/2012,0.0001,0.0273,0.005,0.016,-0.0114
31/10/2012,0.0001,-0.0176,-0.0115,0.0359,0.0014
30/11/2012,0.0001,0.0078,0.0063,-0.0084,0.0049
31/12/2012,0.0001,0.0118,0.0148,0.0351,-0.0286
31/01/2013,0,0.0557,0.0033,0.0096,-0.0179
28/02/2013,0,0.0129,-0.0027,0.0011,0.0129
28/03/2013,0,0.0403,0.0081,-0.0019,0.0192
30/04/2013,0,0.0155,-0.0237,0.0045,0.0022
31/05/2013,0,0.028,0.017,0.0263,-0.0202
28/06/2013,0,-0.012,0.0133,0.0003,0.0052
31/07/2013,0,0.0565,0.0187,0.0057,0.0176
30/08/2013,0,-0.0271,0.0027,-0.0269,0.0002
30/09/2013,0,0.0377,0.0288,-0.0122,0.0306
31/10/2013,0,0.0418,-0.0153,0.0125,0.0008
29/11/2013,0,0.0313,0.0129,0.0032,0.0044
31/12/2013,0,0.0281,-0.0046,-0.0002,0.0002
31/01/2014,0,-0.0332,0.0089,-0.0207,0.0171
28/02/2014,0,0.0465,0.0035,-0.0031,0.0207
31/03/2014,0,0.0043,-0.0181,0.0493,-0.0329
30/04/2014,0,-0.0019,-0.0419,0.0117,-0.0389
30/05/2014,0,0.0206,-0.0188,-0.0013,0.0087
30/06/2014,0,0.0261,0.0309,-0.007,0.0069
31/07/2014,0,-0.0204,-0.0429,0.0003,-0.0012
29/08/2014,0,0.0424,0.004,-0.0045,0.0082
30/09/2014,0,-0.0197,-0.0371,-0.0134,0.005
31/10/2014,0,0.0252,0.0421,-0.0181,-0.0006
28/11/2014,0,0.0255,-0.0206,-0.0309,0.0069
31/12/2014,0,-0.0006,0.0249,0.0227,0.0112
30/01/2015,0,-0.0311,-0.0056,-0.0358,0.0384
27/02/2015,0,0.0613,0.0063,-0.0186,-0.0282
31/03/2015,0,-0.0112,0.0304,-0.0037,0.0274
30/04/2015,0,0.0059,-0.0306,0.0182,-0.0727
29/05/2015,0,0.0136,0.0093,-0.0114,0.0582
30/06/2015,0,-0.0153,0.0291,-0.0079,0.0301
31/07/2015,0,0.0154,-0.0417,-0.0413,0.0998
31/08/2015,0,-0.0604,0.0033,0.0277,-0.0209
30/09/2015,0,-0.0307,-0.0262,0.0056,0.0522
30/10/2015,0,0.0775,-0.0188,-0.0046,-0.0328
30/11/2015,0,0.0056,0.036,-0.0042,0.0228
31/12/2015,0.0001,-0.0217,-0.0284,-0.0261,0.0336
29/01/2016,0.0001,-0.0577,-0.0342,0.0209,0.0144
29/02/2016,0.0002,-0.0007,0.0073,-0.0057,-0.0438
31/03/2016,0.0002,0.0696,0.0082,0.0119,-0.0501
29/04/2016,0.0001,0.0091,0.0076,0.0328,-0.0602
31/05/2016,0.0001,0.0178,-0.0017,-0.0166,0.0142
30/06/2016,0.0002,-0.0005,0.0061,-0.0148,0.0413
29/07/2016,0.0002,0.0395,0.0249,-0.0132,-0.0334
31/08/2016,0.0002,0.0049,0.0115,0.0318,-0.0349
30/09/2016,0.0002,0.0025,0.0212,-0.0124,0.0019
31/10/2016,0.0002,-0.0202,-0.044,0.0409,0.0059
30/11/2016,0.0001,0.0486,0.0571,0.0821,-0.0462
30/12/2016,0.0003,0.0182,0.001,0.0353,-0.0026
31/01/2017,0.0004,0.0194,-0.0119,-0.0275,-0.0093
28/02/2017,0.0004,0.0357,-0.0205,-0.0167,-0.0165
31/03/2017,0.0003,0.0017,0.0114,-0.0335,-0.0102
28/04/2017,0.0005,0.0109,0.0073,-0.0213,0.0048
31/05/2017,0.0006,0.0106,-0.0257,-0.0378,0.0148
30/06/2017,0.0006,0.0078,0.0225,0.0148,-0.0009
31/07/2017,0.0007,0.0187,-0.0151,-0.0031,0.0168
31/08/2017,0.0009,0.0016,-0.0167,-0.0209,0.0326
29/09/2017,0.0009,0.0251,0.0447,0.0314,-0.0132
31/10/2017,0.0009,0.0225,-0.0194,0.002,0.0427
30/11/2017,0.0008,0.0312,-0.0055,-0.0003,-0.0087
29/12/2017,0.0009,0.0106,-0.0132,0.0006,-0.0154
31/01/2018,0.0012,0.0557,-0.0313,-0.0129,0.0405
28/02/2018,0.0011,-0.0365,0.0025,-0.0104,0.0358
29/03/2018,0.0011,-0.0235,0.0406,-0.0021,-0.0113
30/04/2018,0.0014,0.0028,0.0113,0.0054,0.0036
31/05/2018,0.0014,0.0265,0.0525,-0.032,0.0389
29/06/2018,0.0014,0.0048,0.0114,-0.0234,-0.0235
31/07/2018,0.0016,0.0319,-0.0222,0.0047,-0.0141
31/08/2018,0.0016,0.0344,0.0114,-0.0394,0.0529
28/09/2018,0.0015,0.0006,-0.0227,-0.017,0.0004
31/10/2018,0.0019,-0.0768,-0.0478,0.034,-0.0199
30/11/2018,0.0018,0.0169,-0.0068,0.003,-0.0137
31/12/2018,0.002,-0.0957,-0.0238,-0.0184,0.0211
31/01/2019,0.0021,0.084,0.029,-0.0046,-0.0868
28/02/2019,0.0018,0.034,0.0205,-0.0267,0.0086
29/03/2019,0.0019,0.011,-0.0305,-0.0417,0.0221
30/04/2019,0.0021,0.0397,-0.0174,0.0215,-0.0297
31/05/2019,0.0021,-0.0694,-0.0132,-0.0237,0.0756
28/06/2019,0.0018,0.0693,0.0029,-0.0071,-0.023
31/07/2019,0.0019,0.0119,-0.0193,0.0048,0.0289
30/08/2019,0.0016,-0.0258,-0.0238,-0.0478,0.0692
30/09/2019,0.0018,0.0143,-0.0096,0.0675,-0.0681
31/10/2019,0.0016,0.0206,0.0029,-0.0191,0.0015
29/11/2019,0.0012,0.0387,0.0077,-0.0202,-0.0266
31/12/2019,0.0014,0.0277,0.0073,0.0175,-0.0177
31/01/2020,0.0013,-0.0011,-0.0311,-0.0625,0.0598
28/02/2020,0.0012,-0.0813,0.0107,-0.0381,-0.004
31/03/2020,0.0013,-0.1339,-0.0483,-0.1387,0.0797
30/04/2020,0,0.1365,0.0245,-0.0133,-0.0523
29/05/2020,0.0001,0.0558,0.0247,-0.0488,0.0043
30/06/2020,0.0001,0.0246,0.0269,-0.022,-0.0073
31/07/2020,0.0001,0.0577,-0.0233,-0.0141,0.0761
31/08/2020,0.0001,0.0763,-0.0022,-0.0297,0.0055
30/09/2020,0.0001,-0.0363,0.0002,-0.0271,0.0312
30/10/2020,0.0001,-0.021,0.0438,0.0425,-0.0305
30/11/2020,0.0001,0.1247,0.058,0.0209,-0.1243
31/12/2020,0.0001,0.0463,0.0489,-0.0151,-0.0232
29/01/2021,0.0001,-0.0003,0.0736,0.0301,0.045
26/02/2021,0,0.0278,0.0205,0.0715,-0.0789
31/03/2021,0,0.0308,-0.0237,0.0739,-0.0614
30/04/2021,0,0.0493,-0.0319,-0.0095,0.0116
28/05/2021,0,0.0029,-0.0025,0.0709,0.0088
30/06/2021,0,0.0275,0.0168,-0.0787,0.022
30/07/2021,0,0.0127,-0.0397,-0.0178,-0.0228
31/08/2021,0,0.0291,-0.0042,-0.0015,0.0245
30/09/2021,0,-0.0437,0.0071,0.0508,0.0149
29/10/2021,0,0.0665,-0.0235,-0.0049,0.0319
30/11/2021,0,-0.0155,-0.0132,-0.0045,0.0088
31/12/2021,0.0001,0.031,-0.0167,0.0326,-0.026
31/01/2022,0,-0.0625,-0.0594,0.1275,-0.026
28/02/2022,0,-0.0229,0.0219,0.0308,0.0176
31/03/2022,0.0001,0.0305,-0.0161,-0.0181,0.0301
29/04/2022,0.0001,-0.0946,-0.0139,0.0617,0.0487
31/05/2022,0.0003,-0.0034,-0.0183,0.0839,0.0243
30/06/2022,0.0006,-0.0843,0.021,-0.0597,0.0075
29/07/2022,0.0008,0.0957,0.0281,-0.0405,-0.0395
31/08/2022,0.0019,-0.0377,0.014,0.0029,0.0204
30/09/2022,0.0019,-0.0935,-0.0081,0.0005,0.0351
31/10/2022,0.0023,0.0783,0.0006,0.0801,0.0396
30/11/2022,0.0029,0.046,-0.0352,0.0138,-0.0198
30/12/2022,0.0033,-0.0641,-0.0069,0.0137,0.0455
31/01/2023,0.0035,0.0665,0.0501,-0.0401,-0.1601
28/02/2023,0.0034,-0.0258,0.0117,-0.0081,0.0015
31/03/2023,0.0036,0.0251,-0.0551,-0.0885,-0.0247
28/04/2023,0.0035,0.0061,-0.0335,-0.0004,0.0162
31/05/2023,0.0036,0.0035,0.0161,-0.0772,-0.0063
30/06/2023,0.004,0.0646,0.0154,-0.0026,-0.0237
31/07/2023,0.0045,0.0321,0.0208,0.0411,-0.0398
31/08/2023,0.0045,-0.0239,-0.0316,-0.0106,0.0377
29/09/2023,0.0043,-0.0524,-0.0251,0.0152,0.0026
31/10/2023,0.0047,-0.0319,-0.0387,0.0019,0.0173
30/11/2023,0.0044,0.0884,-0.0002,0.0164,0.0275
29/12/2023,0.0043,0.0485,0.0635,0.0494,-0.0556